spec	temp
Syn_PROS_7_1	25.99
Syn_BMK_MC_1	19.65
Syn_MEDNS5	21.75
Syn_WH7805	25.85
Syn_WH7803	25.85
Syn_BIOS_E4_1	16.56
Syn_BIOS_U3_1	16.56
Syn_NOUM97013	24.93
Syn_A18_25c	23.78
Syn_A15_60	26.02
Syn_CC9616	18.07
Syn_KORDI_100	28.92
Syn_BL107	13.89
Syn_A15_127	19.43
Syn_KORDI_49	19.18
Syn_A15_28	25.15
Syn_A15_24	20.49
Syn_A18_40	26.86
Syn_WH8102	25.78
Syn_RS9915	23.98
Syn_WH8103	25.45
Syn_BOUM118	22.32
Syn_KORDI_52	20.93
Syn_A15_44	22.61
Syn_RS9902	21.07
Syn_A15_62	26.02
Syn_CC9605	18.02
Syn_WH8109	21.60
Syn_RS9907	24.63
Syn_TAK9802	29.81
Syn_PROS_U_1	21.51
Syn_CC9902	15.56
Syn_RS9909	24.63
Syn_RS9917	24.63
Syn_WH8101	5.77
Syn_WH8016	17.83
Syn_ROS8604	12.81
Syn_WH8020	16.89
Syn_CC9311	16.59
Syn_SYN20	9.99
Syn_PROS_9_1	18.56
Syn_MVIR_18_1	13.98
Syn_CB0205	12.63
Syn_MINOS11	18.63
Syn_RCC307	18.51
Syn_RS9916	25.67